

CREATE TABLE `bool` (
  `id` int NOT NULL AUTO_INCREMENT,
  `value` varchar(50) DEFAULT NULL,
  PRIMARY KEY (`id`)
) ENGINE=InnoDB AUTO_INCREMENT=3 DEFAULT CHARSET=utf8mb4 COLLATE=utf8mb4_0900_ai_ci;

INSERT INTO bool VALUES ('1','true');
INSERT INTO bool VALUES ('2','false');


CREATE TABLE `customer` (
  `id` varchar(70) CHARACTER SET utf8mb4 COLLATE utf8mb4_0900_ai_ci NOT NULL DEFAULT 'AUTO_INCREMENT',
  `name` varchar(50) DEFAULT NULL,
  `address` varchar(150) CHARACTER SET utf8mb4 COLLATE utf8mb4_0900_ai_ci DEFAULT NULL,
  `datetime` datetime DEFAULT NULL,
  `dob` date DEFAULT NULL,
  `mobile` varchar(50) DEFAULT NULL,
  PRIMARY KEY (`id`)
) ENGINE=InnoDB DEFAULT CHARSET=utf8mb4 COLLATE=utf8mb4_0900_ai_ci;

INSERT INTO customer VALUES ('1','Thinuka','94/1,goonamadithth rd,kesbewa, Piliyandala, Srilanka','','2002-10-22','760584888');
INSERT INTO customer VALUES ('1704208576648','Thinuka Ravindith','94/1,goonamadithth rd,','2024-01-02 08:46:16','2019-06-12','0760584888');
INSERT INTO customer VALUES ('1704447909285','Saman','13/1, Horana, Piliyandala.','2024-01-05 03:15:09','1999-06-02','0771112223');
INSERT INTO customer VALUES ('1704482702556','Kamal','253/A, Galle Rd, Ja-ela. ','2024-01-06 12:55:02','1992-01-06','0777222333');
INSERT INTO customer VALUES ('1705205242773','Thinuka Ravindith - 200229600119','94/1,goonamadiththa rd','2024-01-14 09:37:22','2024-01-01','0760584888');
INSERT INTO customer VALUES ('1705205602445','Thinuka Ravindith - 200229600119','94/1,goonamadiththa rd','2024-01-14 09:43:22','1000-10-10','0760584888');
INSERT INTO customer VALUES ('1705205735231','Thinuka Ravindith','94/1,goonamadithth rd,','2024-01-14 09:45:35','2024-01-01','0760584888');
INSERT INTO customer VALUES ('2','Thinuka','94/1,goonamadithth rd,','','2002-10-22','0760584888');
INSERT INTO customer VALUES ('3','Thinuka Ravindith','94/1,goonamadithth rd,','','2022-01-02','0760584888');
INSERT INTO customer VALUES ('4','Thinuka Ravindith','94/1,goonamadithth rd,','','2024-01-03','0760584888');
INSERT INTO customer VALUES ('5','Thinuka Ravindith','94/1,goonamadithth rd,','2024-01-02 00:00:00','2018-10-22','0760584888');
INSERT INTO customer VALUES ('6','Thinuka Ravindith','94/1,goonamadithth rd,','2024-01-02 11:32:05','2024-01-31','0760584888');
INSERT INTO customer VALUES ('7','Thinuka Ravindith','94/1,goonamadithth rd,','2024-01-02 11:33:56','2024-01-02','0760584888');
INSERT INTO customer VALUES ('8','Thinuka Ravindith','94/1,goonamadithth rd,','2024-01-02 04:04:45','2024-01-02','0760584888');


CREATE TABLE `invoice` (
  `id` varchar(70) CHARACTER SET utf8mb4 COLLATE utf8mb4_0900_ai_ci NOT NULL,
  `date` datetime DEFAULT NULL,
  `payment_complete_date` datetime DEFAULT NULL,
  `customer_id` varchar(70) DEFAULT NULL,
  `payment` double DEFAULT NULL,
  `price` double DEFAULT NULL,
  `discount` double DEFAULT NULL,
  `payment_status_id` int DEFAULT NULL,
  `status_id` int DEFAULT '1',
  PRIMARY KEY (`id`),
  KEY `FK_invoice_customer` (`customer_id`),
  KEY `FK_invoice_payment_status` (`payment_status_id`),
  KEY `FK_invoice_status` (`status_id`),
  CONSTRAINT `FK_invoice_customer` FOREIGN KEY (`customer_id`) REFERENCES `customer` (`id`),
  CONSTRAINT `FK_invoice_payment_status` FOREIGN KEY (`payment_status_id`) REFERENCES `payment_status` (`id`),
  CONSTRAINT `FK_invoice_status` FOREIGN KEY (`status_id`) REFERENCES `status` (`id`)
) ENGINE=InnoDB DEFAULT CHARSET=utf8mb4 COLLATE=utf8mb4_0900_ai_ci;

INSERT INTO invoice VALUES ('1704379642802','2024-01-04 08:17:43','','1','0','','','','');
INSERT INTO invoice VALUES ('1704379708988','2024-01-04 08:18:31','','1','0','','','','');
INSERT INTO invoice VALUES ('1704379757379','2024-01-04 08:19:19','','1','0','','','','');
INSERT INTO invoice VALUES ('1704379790954','2024-01-04 08:19:53','','1','0','','','','');
INSERT INTO invoice VALUES ('1704379861618','2024-01-04 08:21:04','','1','0','','','','');
INSERT INTO invoice VALUES ('1704379917806','2024-01-04 08:22:00','','1','0','','','','');
INSERT INTO invoice VALUES ('1704380137207','2024-01-04 08:25:44','','1','0','','','','');
INSERT INTO invoice VALUES ('1704380172750','2024-01-04 08:26:18','','1','0','','','','');
INSERT INTO invoice VALUES ('1704380204605','2024-01-04 08:27:04','','1','0','','','','');
INSERT INTO invoice VALUES ('1704380274266','2024-01-04 08:28:02','','1','0','','','','');
INSERT INTO invoice VALUES ('1704380299208','2024-01-04 08:28:25','','1','0','','','','');
INSERT INTO invoice VALUES ('1704380336488','2024-01-04 08:29:13','','1704208576648','0','','','','');
INSERT INTO invoice VALUES ('1704380733032','2024-01-04 08:35:45','','1704208576648','0','','','','');
INSERT INTO invoice VALUES ('1704380777378','2024-01-04 08:37:39','','1704208576648','0','','','','');
INSERT INTO invoice VALUES ('1704381144295','2024-01-04 08:42:38','','1704208576648','0','','','','');
INSERT INTO invoice VALUES ('1704381665586','2024-01-04 08:51:14','','1704208576648','0','','','','');
INSERT INTO invoice VALUES ('1704381857915','2024-01-04 08:54:23','','1704208576648','0','','','','');
INSERT INTO invoice VALUES ('1704381961339','2024-01-04 08:56:05','','1704208576648','0','','','','');
INSERT INTO invoice VALUES ('1704381985874','2024-01-04 08:56:28','','1704208576648','0','','','','');
INSERT INTO invoice VALUES ('1704382012051','2024-01-04 08:57:15','','1704208576648','0','','','','');
INSERT INTO invoice VALUES ('1704382133155','2024-01-04 08:59:07','','1704208576648','0','','','','');
INSERT INTO invoice VALUES ('1704382592346','2024-01-04 09:06:37','','1704208576648','0','','','','');
INSERT INTO invoice VALUES ('1704382884306','2024-01-04 09:11:38','','1704208576648','0','','','','');
INSERT INTO invoice VALUES ('1704386963659','2024-01-04 10:19:29','','1704208576648','0','','','','');
INSERT INTO invoice VALUES ('1704387047789','2024-01-04 10:20:52','','1704208576648','0','','','','');
INSERT INTO invoice VALUES ('1704387067489','2024-01-04 10:21:26','','1704208576648','0','','','','');
INSERT INTO invoice VALUES ('1704387171056','2024-01-04 10:23:23','','1','0','','','','');
INSERT INTO invoice VALUES ('1704387302281','2024-01-04 10:25:09','','1','0','','','','');
INSERT INTO invoice VALUES ('1704387321518','2024-01-04 10:25:26','','1','0','','','','');
INSERT INTO invoice VALUES ('1704387499036','2024-01-04 10:28:35','','1','0','','','','');
INSERT INTO invoice VALUES ('1704387591811','2024-01-04 10:30:11','','1','0','','','','');
INSERT INTO invoice VALUES ('1704387718039','2024-01-04 10:32:02','','1','0','','','','');
INSERT INTO invoice VALUES ('1704401320062','2024-01-05 02:19:03','','1','0','','','','');
INSERT INTO invoice VALUES ('1704403159570','2024-01-05 02:50:11','','1','0','','','','');
INSERT INTO invoice VALUES ('1704403229192','2024-01-05 02:50:43','','1','0','','','','');
INSERT INTO invoice VALUES ('1704403874517','2024-01-05 03:01:49','','1','10000','','','','');
INSERT INTO invoice VALUES ('1704405526500','2024-01-05 03:29:22','','1','2000','5100','','2','');
INSERT INTO invoice VALUES ('1704405985853','2024-01-05 03:37:06','','1','2000','6000','','2','');
INSERT INTO invoice VALUES ('1704406209783','2024-01-05 03:40:41','','2','1000','3000','','2','');
INSERT INTO invoice VALUES ('1704406399382','2024-01-05 03:43:38','','2','1000','1257','','2','');
INSERT INTO invoice VALUES ('1704406460508','2024-01-05 03:44:51','','2','2000','5000','','2','');
INSERT INTO invoice VALUES ('1704406623270','2024-01-05 03:47:37','','1704208576648','20000','50000','','2','');
INSERT INTO invoice VALUES ('1704406789513','2024-01-05 03:50:07','','1704208576648','1000','1500','','2','');
INSERT INTO invoice VALUES ('1704406874547','2024-01-05 03:54:04','','1704208576648','1','1','','1','');
INSERT INTO invoice VALUES ('1704407092560','2024-01-05 03:55:01','','1704208576648','0','100','','1','');
INSERT INTO invoice VALUES ('1704407175793','2024-01-05 03:56:55','','1704208576648','1000','2500','','2','');
INSERT INTO invoice VALUES ('1704407535053','2024-01-05 04:02:22','','1704208576648','0','1','','1','');
INSERT INTO invoice VALUES ('1704407557916','2024-01-05 04:02:55','','1704208576648','0','4004','','1','');
INSERT INTO invoice VALUES ('1704407667983','2024-01-05 04:04:43','','1704208576648','0','57','','1','');
INSERT INTO invoice VALUES ('1704407728930','2024-01-05 04:05:46','','1704208576648','2000','3100','','2','');
INSERT INTO invoice VALUES ('1704407802293','2024-01-05 04:07:10','','1704208576648','3000','5700','','2','');
INSERT INTO invoice VALUES ('1704407901527','2024-01-05 04:09:06','','6','15000','37100','','2','');
INSERT INTO invoice VALUES ('1704408042598','2024-01-05 04:11:18','','6','0','27900','','1','');
INSERT INTO invoice VALUES ('1704408205707','2024-01-05 04:13:49','','6','2000','5400','','2','');
INSERT INTO invoice VALUES ('1704408239170','2024-01-05 04:14:24','','6','0','2400','','1','');
INSERT INTO invoice VALUES ('1704439742373','2024-01-05 01:00:16','','1704208576648','5000','15500','','2','');
INSERT INTO invoice VALUES ('1704440453023','2024-01-05 01:11:22','','1704208576648','5000','12500','','2','');
INSERT INTO invoice VALUES ('1704448054223','2024-01-05 03:18:03','','1704447909285','5000','7500','','2','');
INSERT INTO invoice VALUES ('1704480052315','2024-01-06 12:11:19','','1704447909285','5000','12500','','2','');
INSERT INTO invoice VALUES ('1704483982519','2024-01-06 01:16:53','','1704482702556','5000','5000','200','1','');
INSERT INTO invoice VALUES ('1704484458465','2024-01-06 01:26:12','','1','2000','7600','0','2','');
INSERT INTO invoice VALUES ('1704485413682','2024-01-06 01:40:50','','1','2000','6000','625','2','');
INSERT INTO invoice VALUES ('1704485481229','2024-01-06 01:41:46','','1','0','46000','0','1','');
INSERT INTO invoice VALUES ('1704487229909','2024-01-06 02:10:59','','1704447909285','2000','5000','0','2','');
INSERT INTO invoice VALUES ('1704487737741','2024-01-06 02:19:39','','1704482702556','7000','7000','500','1','');
INSERT INTO invoice VALUES ('1704487876553','2024-01-06 02:21:59','','1704482702556','6250','6250','750','1','');
INSERT INTO invoice VALUES ('1704487946579','2024-01-06 02:22:58','','1704482702556','0','4500','100','1','');
INSERT INTO invoice VALUES ('1704491300739','2024-01-06 03:18:58','','1704482702556','8000','8000','120','1','');
INSERT INTO invoice VALUES ('1704491357152','2024-01-06 03:19:46','','1704482702556','6200','6200','560','1','');
INSERT INTO invoice VALUES ('1704491422994','2024-01-06 03:20:55','','1704482702556','5500','5500','150','1','');
INSERT INTO invoice VALUES ('1704491519223','2024-01-06 03:22:28','2024-01-06 08:11:52','1704482702556','7200','7200','350','1','');
INSERT INTO invoice VALUES ('1704491592046','2024-01-06 03:23:40','','1704482702556','7000','7000','150','1','');
INSERT INTO invoice VALUES ('1704491643582','2024-01-06 03:24:53','2024-01-06 08:12:48','1704482702556','4000','4000','750','1','');
INSERT INTO invoice VALUES ('1704493470673','2024-01-06 03:56:10','2024-01-14 06:59:10','1704482702556','2500','2500','200','1','');
INSERT INTO invoice VALUES ('1704493825886','2024-01-06 04:01:10','2024-01-14 06:59:35','1704482702556','5000','5000','250','1','');
INSERT INTO invoice VALUES ('1704493892975','2024-01-06 04:01:53','','1704482702556','7000','7000','300','1','');
INSERT INTO invoice VALUES ('1704493953209','2024-01-06 04:02:53','2024-01-06 08:14:50','1704482702556','6500','6500','350','1','');
INSERT INTO invoice VALUES ('1704552343919','2024-01-06 08:16:07','2024-01-06 08:16:07','1704482702556','8000','8000','240','1','');
INSERT INTO invoice VALUES ('1704552392848','2024-01-06 08:16:58','2024-01-14 06:55:28','1704482702556','9000','9000','360','1','');
INSERT INTO invoice VALUES ('1704552462003','2024-01-06 08:18:06','2024-01-14 06:55:55','1704482702556','8000','8000','480','1','');
INSERT INTO invoice VALUES ('1704552738305','2024-01-06 08:22:43','2024-01-14 06:58:29','1704482702556','10000','10000','500','1','');
INSERT INTO invoice VALUES ('1704552806056','2024-01-06 08:23:51','2024-01-14 07:18:46','1704482702556','6500','6500','60','1','');
INSERT INTO invoice VALUES ('1704552872519','2024-01-06 08:24:54','2024-01-06 08:24:54','1704482702556','10500','10500','2500','1','');
INSERT INTO invoice VALUES ('1704918470382','2024-01-11 01:59:11','','1704447909285','10000','20000','2000','2','');
INSERT INTO invoice VALUES ('1704918614454','2024-01-11 02:01:47','2024-01-14 07:29:47','1704482702556','25000','25000','3500','1','');
INSERT INTO invoice VALUES ('1704919291494','2024-01-11 02:11:56','2024-01-11 02:11:56','1704482702556','10000','10000','0','1','');
INSERT INTO invoice VALUES ('1704919438713','2024-01-11 02:14:29','2024-01-14 07:48:35','1704482702556','5000','5000','0','1','');
INSERT INTO invoice VALUES ('1704919579499','2024-01-11 02:16:44','','1704482702556','3000','7500','0','2','');
INSERT INTO invoice VALUES ('1704919950883','2024-01-11 02:23:07','','1704482702556','5000','10000','0','2','');
INSERT INTO invoice VALUES ('1704920138199','2024-01-11 02:26:00','2024-01-15 01:25:28','1704482702556','10000','10000','0','1','1');
INSERT INTO invoice VALUES ('1704920185573','2024-01-11 02:27:18','','1704482702556','12000','25000','2750','2','1');
INSERT INTO invoice VALUES ('1704920280575','2024-01-11 02:29:57','','1704482702556','12000','25000','2150','2','1');
INSERT INTO invoice VALUES ('1704920539546','2024-01-11 02:33:20','2024-01-11 02:33:20','1704482702556','12000','12000','0','1','1');
INSERT INTO invoice VALUES ('1704920651519','2024-01-11 02:34:28','2024-01-11 02:34:28','1704482702556','10000','10000','0','1','1');
INSERT INTO invoice VALUES ('1704921077733','2024-01-11 02:41:44','','1704482702556','5000','10000','0','2','1');
INSERT INTO invoice VALUES ('1704921190633','2024-01-11 02:44:12','','1704482702556','5000','10000','0','2','1');
INSERT INTO invoice VALUES ('1704921297611','2024-01-11 02:45:30','','1704482702556','5000','7000','0','2','1');
INSERT INTO invoice VALUES ('1704921450661','2024-01-11 02:48:19','2024-01-14 06:59:48','1704482702556','15000','15000','0','1','1');
INSERT INTO invoice VALUES ('1705198797804','2024-01-14 07:50:27','','1704482702556','2000','5000','0','2','1');
INSERT INTO invoice VALUES ('1705198835257','2024-01-14 07:51:01','2024-01-14 07:51:01','1704482702556','3500','3500','140','1','1');
INSERT INTO invoice VALUES ('1705199391435','2024-01-14 08:00:32','2024-01-14 08:00:32','1704482702556','2000','2000','80','1','0');
INSERT INTO invoice VALUES ('1705236575115','2024-01-14 06:19:46','2024-01-15 01:01:29','1705205602445','2000','2000','0','1','0');
INSERT INTO invoice VALUES ('1705236647506','2024-01-14 06:21:12','2024-01-14 06:21:12','1705205602445','4560','4560','0','1','0');
INSERT INTO invoice VALUES ('1705236920983','2024-01-14 06:26:20','2024-01-14 06:26:20','1705205602445','4500','4500','240','1','1');
INSERT INTO invoice VALUES ('1705242322636','2024-01-14 07:55:44','2024-01-14 07:55:44','1705205602445','4500','4500','210','1','1');
INSERT INTO invoice VALUES ('1705242402423','2024-01-14 07:57:04','2024-01-14 07:57:04','1705205602445','6300','6300','260','1','1');
INSERT INTO invoice VALUES ('1705242441974','2024-01-14 07:57:41','2024-01-14 07:57:41','1705205602445','7300','7300','500','1','1');
INSERT INTO invoice VALUES ('1705242479535','2024-01-14 07:58:41','2024-01-14 07:58:41','1705205602445','9200','9200','190','1','1');
INSERT INTO invoice VALUES ('1705242543910','2024-01-14 07:59:44','2024-01-14 08:07:15','1705205602445','5300','5300','560','1','1');
INSERT INTO invoice VALUES ('1705242615374','2024-01-14 08:00:42','','1705205602445','2000','4200','426','2','1');
INSERT INTO invoice VALUES ('1705242659482','2024-01-14 08:01:52','','1705205602445','5000','13400','280','2','1');
INSERT INTO invoice VALUES ('1705242745319','2024-01-14 08:03:04','','1705205602445','2500','4400','226','2','1');
INSERT INTO invoice VALUES ('1705242820735','2024-01-14 08:04:32','2024-01-14 08:12:21','1705205602445','7100','7100','520','1','1');
INSERT INTO invoice VALUES ('1705261426200','2024-01-15 01:14:05','','1705205602445','0','5000','1000','3','1');
INSERT INTO invoice VALUES ('1705261492547','2024-01-15 01:15:26','2024-01-15 01:15:26','1705205602445','10000','10000','420','1','1');
INSERT INTO invoice VALUES ('1707808956525','2024-02-13 12:53:53','2024-02-13 12:55:10','1705205602445','1500','1500','80','1','1');
INSERT INTO invoice VALUES ('1707818355307','2024-02-13 03:29:36','','1705205602445','1000','2500','0','2','1');
INSERT INTO invoice VALUES ('1707818431954','2024-02-13 03:30:55','2024-02-13 03:30:55','1705205602445','10000','10000','0','1','1');
INSERT INTO invoice VALUES ('1707818464133','2024-02-13 03:31:27','','1705205602445','500','1111','0','2','1');
INSERT INTO invoice VALUES ('1707818613635','2024-02-13 03:34:14','','1705205602445','5000','15200','0','2','1');
INSERT INTO invoice VALUES ('1707819065491','2024-02-13 03:41:31','','1705205602445','15000','30640','0','2','1');
INSERT INTO invoice VALUES ('1707819269255','2024-02-13 03:44:49','2024-02-13 03:45:16','1705205602445','15200','15200','0','1','1');
INSERT INTO invoice VALUES ('1707819269256','2024-02-16 02:10:00','2024-02-16 02:11:20','1705205602445','35000','35000','3200','1','1');


CREATE TABLE `invoice_item` (
  `id` int NOT NULL AUTO_INCREMENT,
  `invoice_id` varchar(70) CHARACTER SET utf8mb4 COLLATE utf8mb4_0900_ai_ci DEFAULT NULL,
  `qty` varchar(100) CHARACTER SET utf8mb4 COLLATE utf8mb4_0900_ai_ci DEFAULT NULL,
  `description` varchar(200) DEFAULT NULL,
  `rate` double DEFAULT NULL,
  PRIMARY KEY (`id`),
  KEY `FK_invoice_item_invoice` (`invoice_id`),
  CONSTRAINT `FK_invoice_item_invoice` FOREIGN KEY (`invoice_id`) REFERENCES `invoice` (`id`)
) ENGINE=InnoDB AUTO_INCREMENT=212 DEFAULT CHARSET=utf8mb4 COLLATE=utf8mb4_0900_ai_ci;

INSERT INTO invoice_item VALUES ('1','','11','ada','122');
INSERT INTO invoice_item VALUES ('2','','11','ada','122');
INSERT INTO invoice_item VALUES ('3','','2','gfs','111');
INSERT INTO invoice_item VALUES ('4','','1','Sunglass','5000');
INSERT INTO invoice_item VALUES ('5','','2','Box','2000');
INSERT INTO invoice_item VALUES ('6','','5','Cloths','100');
INSERT INTO invoice_item VALUES ('9','','2','a','1');
INSERT INTO invoice_item VALUES ('11','1704380172750','1','2','3');
INSERT INTO invoice_item VALUES ('12','1704380204605','2','Sunglass','500');
INSERT INTO invoice_item VALUES ('13','1704380204605','1','box','500');
INSERT INTO invoice_item VALUES ('14','1704380299208','11','22','2');
INSERT INTO invoice_item VALUES ('15','1704380336488','1','2','3');
INSERT INTO invoice_item VALUES ('16','1704380336488','4','5','6');
INSERT INTO invoice_item VALUES ('17','1704380733032','1','2','3');
INSERT INTO invoice_item VALUES ('20','1704380777378','7','6','5');
INSERT INTO invoice_item VALUES ('28','1704381144295','6','5','4');
INSERT INTO invoice_item VALUES ('29','1704381144295','3','2','1');
INSERT INTO invoice_item VALUES ('30','1704381144295','3','2','1');
INSERT INTO invoice_item VALUES ('31','1704381144295','6','5','4');
INSERT INTO invoice_item VALUES ('32','1704381857915','1','2','3');
INSERT INTO invoice_item VALUES ('33','1704381961339','1','2','3');
INSERT INTO invoice_item VALUES ('35','1704382012051','6','5','4');
INSERT INTO invoice_item VALUES ('36','1704382133155','32','21','12');
INSERT INTO invoice_item VALUES ('37','1704382133155','65','43','54');
INSERT INTO invoice_item VALUES ('38','1704382592346','1','2','3');
INSERT INTO invoice_item VALUES ('39','1704382884306','1','2','3');
INSERT INTO invoice_item VALUES ('40','1704386963659','1','2','3');
INSERT INTO invoice_item VALUES ('41','1704387047789','1','2','3');
INSERT INTO invoice_item VALUES ('42','1704387067489','12','23','34');
INSERT INTO invoice_item VALUES ('43','1704387067489','45','56','67');
INSERT INTO invoice_item VALUES ('47','1704387302281','1','2','3');
INSERT INTO invoice_item VALUES ('48','1704387321518','1','2','3');
INSERT INTO invoice_item VALUES ('49','1704387321518','1','2','3');
INSERT INTO invoice_item VALUES ('50','1704387321518','1','2','4');
INSERT INTO invoice_item VALUES ('51','1704387321518','1','2','3');
INSERT INTO invoice_item VALUES ('52','1704387321518','1','2','3');
INSERT INTO invoice_item VALUES ('53','1704387321518','1','2','4');
INSERT INTO invoice_item VALUES ('54','1704387499036','1','2','3');
INSERT INTO invoice_item VALUES ('55','1704387499036','3','2','1');
INSERT INTO invoice_item VALUES ('56','1704387499036','1','2','3');
INSERT INTO invoice_item VALUES ('57','1704387591811','321','123','321');
INSERT INTO invoice_item VALUES ('58','1704387591811','123','321','123');
INSERT INTO invoice_item VALUES ('59','1704387591811','321','123','321');
INSERT INTO invoice_item VALUES ('60','1704387591811','123','321','123');
INSERT INTO invoice_item VALUES ('61','1704387718039','1','1','1');
INSERT INTO invoice_item VALUES ('62','1704401320062','2','dadada','1000');
INSERT INTO invoice_item VALUES ('63','1704401320062','1','adfe','5000');
INSERT INTO invoice_item VALUES ('65','1704403159570','3','fsfaw','500');
INSERT INTO invoice_item VALUES ('67','1704403229192','1','dada','1000');
INSERT INTO invoice_item VALUES ('68','1704403229192','10','feda','500');
INSERT INTO invoice_item VALUES ('69','1704403229192','1','dsfada','1000');
INSERT INTO invoice_item VALUES ('74','1704405526500','2','dada','1000');
INSERT INTO invoice_item VALUES ('78','1704406209783','5','dead','200');
INSERT INTO invoice_item VALUES ('79','1704406399382','2','eada','123');
INSERT INTO invoice_item VALUES ('80','1704406399382','1','da','12');
INSERT INTO invoice_item VALUES ('81','1704406399382','3','dada','333');
INSERT INTO invoice_item VALUES ('82','1704406460508','2','daada','1000');
INSERT INTO invoice_item VALUES ('83','1704406460508','3','dawda','1000');
INSERT INTO invoice_item VALUES ('85','1704406623270','3','dwda','15000');
INSERT INTO invoice_item VALUES ('86','1704406789513','1','dadas','500');
INSERT INTO invoice_item VALUES ('87','1704406789513','10','dadd','100');
INSERT INTO invoice_item VALUES ('91','1704406874547','1','ads','1');
INSERT INTO invoice_item VALUES ('93','1704407175793','3','dsdwda','500');
INSERT INTO invoice_item VALUES ('94','1704407175793','10','dads','100');
INSERT INTO invoice_item VALUES ('95','1704407535053','1','dasa','1');
INSERT INTO invoice_item VALUES ('96','1704407535053','1','dasa','1');
INSERT INTO invoice_item VALUES ('99','1704407667983','1','aada','11');
INSERT INTO invoice_item VALUES ('100','1704407667983','2','dasa','23');
INSERT INTO invoice_item VALUES ('101','1704407728930','5','dadw','500');
INSERT INTO invoice_item VALUES ('102','1704407728930','2','ddaa','300');
INSERT INTO invoice_item VALUES ('103','1704407802293','10','ddada','220');
INSERT INTO invoice_item VALUES ('104','1704407802293','2','dasda','1000');
INSERT INTO invoice_item VALUES ('105','1704407802293','5','ddad','300');
INSERT INTO invoice_item VALUES ('106','1704407901527','2','Specs','15000');
INSERT INTO invoice_item VALUES ('107','1704407901527','10','Paper','210');
INSERT INTO invoice_item VALUES ('108','1704407901527','1','Sunglass','5000');
INSERT INTO invoice_item VALUES ('109','1704408042598','2','Paper','200');
INSERT INTO invoice_item VALUES ('110','1704408042598','2','sunglass','5000');
INSERT INTO invoice_item VALUES ('111','1704408042598','1','Specs','17500');
INSERT INTO invoice_item VALUES ('112','1704408205707','2','sdada','200');
INSERT INTO invoice_item VALUES ('113','1704408205707','5','sdas','1000');
INSERT INTO invoice_item VALUES ('114','1704408239170','1','sdadw','1000');
INSERT INTO invoice_item VALUES ('115','1704408239170','7','sdwa','200');
INSERT INTO invoice_item VALUES ('116','1704439742373','2','Sunglass','5000');
INSERT INTO invoice_item VALUES ('117','1704439742373','10','Box','550');
INSERT INTO invoice_item VALUES ('118','1704440453023','25','paper','100');
INSERT INTO invoice_item VALUES ('119','1704440453023','20','glass','500');
INSERT INTO invoice_item VALUES ('120','1704448054223','1','Sunglass','5000');
INSERT INTO invoice_item VALUES ('121','1704448054223','5','Box','500');
INSERT INTO invoice_item VALUES ('122','1704480052315','10','box','250');
INSERT INTO invoice_item VALUES ('123','1704480052315','2','sunglass','5000');
INSERT INTO invoice_item VALUES ('124','1704483982519','1','sunglass','5200');
INSERT INTO invoice_item VALUES ('125','1704484458465','1','sunglass','5000');
INSERT INTO invoice_item VALUES ('126','1704484458465','5','box','520');
INSERT INTO invoice_item VALUES ('127','1704485413682','5','box','425');
INSERT INTO invoice_item VALUES ('128','1704485413682','1','Sunglass','4500');
INSERT INTO invoice_item VALUES ('129','1704485481229','10','dadwa','4500');
INSERT INTO invoice_item VALUES ('130','1704485481229','2','dsada','500');
INSERT INTO invoice_item VALUES ('131','1704487229909','1','sunglass','5000');
INSERT INTO invoice_item VALUES ('132','1704487737741','1','ddadawe','5000');
INSERT INTO invoice_item VALUES ('133','1704487737741','5','fre','500');
INSERT INTO invoice_item VALUES ('134','1704487876553','10','dfde','560');
INSERT INTO invoice_item VALUES ('135','1704487876553','7','dada','200');
INSERT INTO invoice_item VALUES ('136','1704487946579','2','cada','1000');
INSERT INTO invoice_item VALUES ('137','1704487946579','5','defaa','520');
INSERT INTO invoice_item VALUES ('138','1704491300739','1','dada','5000');
INSERT INTO invoice_item VALUES ('139','1704491300739','6','sfada','520');
INSERT INTO invoice_item VALUES ('140','1704491357152','6','fefa','460');
INSERT INTO invoice_item VALUES ('141','1704491357152','1','dadaa','4000');
INSERT INTO invoice_item VALUES ('142','1704491422994','5','fwda','530');
INSERT INTO invoice_item VALUES ('143','1704491422994','1','dwdada','3000');
INSERT INTO invoice_item VALUES ('144','1704491519223','1','dwda','5000');
INSERT INTO invoice_item VALUES ('145','1704491519223','5','fea','510');
INSERT INTO invoice_item VALUES ('146','1704491592046','7','fada','450');
INSERT INTO invoice_item VALUES ('147','1704491592046','1','dada','4000');
INSERT INTO invoice_item VALUES ('148','1704491643582','1','dwada','3000');
INSERT INTO invoice_item VALUES ('149','1704491643582','5','gefa','350');
INSERT INTO invoice_item VALUES ('150','1704493470673','2','dwda','100');
INSERT INTO invoice_item VALUES ('151','1704493470673','5','sdefaa','500');
INSERT INTO invoice_item VALUES ('152','1704493825886','1','dedae','2000');
INSERT INTO invoice_item VALUES ('153','1704493825886','5','defsfa','650');
INSERT INTO invoice_item VALUES ('154','1704493892975','3','afdada','1500');
INSERT INTO invoice_item VALUES ('155','1704493892975','5','feda','560');
INSERT INTO invoice_item VALUES ('156','1704493953209','1','dwfa','5000');
INSERT INTO invoice_item VALUES ('157','1704493953209','5','fefa','370');
INSERT INTO invoice_item VALUES ('158','1704552343919','6','efa','540');
INSERT INTO invoice_item VALUES ('159','1704552343919','1','dwdada','5000');
INSERT INTO invoice_item VALUES ('160','1704552392848','1','efdaa','6000');
INSERT INTO invoice_item VALUES ('161','1704552392848','7','efa','480');
INSERT INTO invoice_item VALUES ('162','1704552462003','12','feada','540');
INSERT INTO invoice_item VALUES ('163','1704552462003','10','dwda','200');
INSERT INTO invoice_item VALUES ('164','1704552738305','7','dadad','500');
INSERT INTO invoice_item VALUES ('165','1704552738305','1','feada','7000');
INSERT INTO invoice_item VALUES ('166','1704552806056','3','efs','520');
INSERT INTO invoice_item VALUES ('167','1704552806056','5','dwdawa','1000');
INSERT INTO invoice_item VALUES ('168','1704552872519','6','fada','500');
INSERT INTO invoice_item VALUES ('169','1704552872519','1','dwada','10000');
INSERT INTO invoice_item VALUES ('170','1704918470382','1','frame','12000');
INSERT INTO invoice_item VALUES ('171','1704918470382','2','glass','5000');
INSERT INTO invoice_item VALUES ('172','1704918614454','1','frame','15000');
INSERT INTO invoice_item VALUES ('173','1704918614454','2','glass','6750');
INSERT INTO invoice_item VALUES ('174','1704919291494','1','dada','10000');
INSERT INTO invoice_item VALUES ('175','1704919438713','1','dada','5000');
INSERT INTO invoice_item VALUES ('176','1704919579499','1','dawa','7500');
INSERT INTO invoice_item VALUES ('177','1704920138199','1','efa','10000');
INSERT INTO invoice_item VALUES ('178','1704920185573','1','frame','17000');
INSERT INTO invoice_item VALUES ('179','1704920185573','2','glass','5375');
INSERT INTO invoice_item VALUES ('180','1704920280575','1','frame','16500');
INSERT INTO invoice_item VALUES ('181','1704920280575','2','glass','5325');
INSERT INTO invoice_item VALUES ('182','1704920539546','1','dwda','12000');
INSERT INTO invoice_item VALUES ('183','1704920651519','1','dw','10000');
INSERT INTO invoice_item VALUES ('184','1704921077733','1','awda','10000');
INSERT INTO invoice_item VALUES ('185','1704921190633','1','daw','10000');
INSERT INTO invoice_item VALUES ('186','1704921297611','1','dwda','7000');
INSERT INTO invoice_item VALUES ('187','1704921450661','2','dwda','7500');
INSERT INTO invoice_item VALUES ('188','1705198797804','5','dadaw','1000');
INSERT INTO invoice_item VALUES ('189','1705198835257','7','dwda','520');
INSERT INTO invoice_item VALUES ('190','1705199391435','4','wda','520');
INSERT INTO invoice_item VALUES ('191','1705236575115','2','dwda','1000');
INSERT INTO invoice_item VALUES ('192','1705236647506','3','dada','1520');
INSERT INTO invoice_item VALUES ('193','1705236920983','3','dww','1580');
INSERT INTO invoice_item VALUES ('194','1705242322636','3','glass','1570');
INSERT INTO invoice_item VALUES ('195','1705242402423','4','cloth','1640');
INSERT INTO invoice_item VALUES ('196','1705242441974','5','adawe','1560');
INSERT INTO invoice_item VALUES ('197','1705242479535','6','deda','1565');
INSERT INTO invoice_item VALUES ('198','1705242543910','4','rgrsa','1465');
INSERT INTO invoice_item VALUES ('199','1705242615374','3','defa','1542');
INSERT INTO invoice_item VALUES ('200','1705242659482','3','feada','4560');
INSERT INTO invoice_item VALUES ('201','1705242745319','3','feada','1542');
INSERT INTO invoice_item VALUES ('202','1705242820735','3','fead','2540');
INSERT INTO invoice_item VALUES ('203','1705261426200','6','daw','1000');
INSERT INTO invoice_item VALUES ('204','1705261492547','2','dda','5210');
INSERT INTO invoice_item VALUES ('205','1707808956525','2','bcd','540');
INSERT INTO invoice_item VALUES ('206','1707808956525','5','abc','100');
INSERT INTO invoice_item VALUES ('207','1707818431954','1','abc','10000');
INSERT INTO invoice_item VALUES ('208','1707818464133','1','aaxa','1111');
INSERT INTO invoice_item VALUES ('209','1707819269255','1','ada','15200');
INSERT INTO invoice_item VALUES ('210','1707819269256','3','bgh','2600');
INSERT INTO invoice_item VALUES ('211','1707819269256','2','abcd','15200');


CREATE TABLE `payment_status` (
  `id` int NOT NULL AUTO_INCREMENT,
  `value` varchar(50) DEFAULT NULL,
  PRIMARY KEY (`id`)
) ENGINE=InnoDB AUTO_INCREMENT=4 DEFAULT CHARSET=utf8mb4 COLLATE=utf8mb4_0900_ai_ci;

INSERT INTO payment_status VALUES ('1','Paid');
INSERT INTO payment_status VALUES ('2','Advanced');
INSERT INTO payment_status VALUES ('3','Unpaid');


CREATE TABLE `payment_type` (
  `id` int NOT NULL AUTO_INCREMENT,
  `value` varchar(50) DEFAULT NULL,
  PRIMARY KEY (`id`)
) ENGINE=InnoDB AUTO_INCREMENT=5 DEFAULT CHARSET=utf8mb4 COLLATE=utf8mb4_0900_ai_ci;

INSERT INTO payment_type VALUES ('1','Cash');
INSERT INTO payment_type VALUES ('2','Card');
INSERT INTO payment_type VALUES ('3','Bank Transfer');
INSERT INTO payment_type VALUES ('4','Card & Cash');


CREATE TABLE `payments` (
  `id` int NOT NULL AUTO_INCREMENT,
  `invoice_id` varchar(70) DEFAULT NULL,
  `amount` double DEFAULT NULL,
  `date` datetime DEFAULT NULL,
  `cash_payments` double DEFAULT '0',
  `card_payments` double DEFAULT '0',
  `b_transfer_payments` double DEFAULT '0',
  `payment_type_id` int DEFAULT NULL,
  PRIMARY KEY (`id`),
  KEY `FK_payments_invoice` (`invoice_id`),
  KEY `payment_type_id` (`payment_type_id`),
  CONSTRAINT `FK_payments_invoice` FOREIGN KEY (`invoice_id`) REFERENCES `invoice` (`id`),
  CONSTRAINT `FK_payments_payment_type` FOREIGN KEY (`payment_type_id`) REFERENCES `payment_type` (`id`)
) ENGINE=InnoDB AUTO_INCREMENT=57 DEFAULT CHARSET=utf8mb4 COLLATE=utf8mb4_0900_ai_ci;

INSERT INTO payments VALUES ('2','1704493825886','2000','2024-01-05 04:01:10','','','0','');
INSERT INTO payments VALUES ('3','1704493892975','7000','2024-02-06 04:01:53','','','0','');
INSERT INTO payments VALUES ('4','1704493953209','0','2024-01-06 04:02:53','','','0','');
INSERT INTO payments VALUES ('5','1704491643582','2000','2024-01-06 08:12:48','','','0','');
INSERT INTO payments VALUES ('6','1704493953209','6500','2024-01-06 08:14:50','','','0','');
INSERT INTO payments VALUES ('7','1704552343919','8000','2024-01-06 08:16:07','','','0','');
INSERT INTO payments VALUES ('8','1704552392848','4000','2024-01-06 08:16:58','','','0','');
INSERT INTO payments VALUES ('9','1704552462003','0','2024-01-06 08:18:06','','','0','');
INSERT INTO payments VALUES ('10','1704552806056','3000','2024-01-06 08:23:51','','','0','');
INSERT INTO payments VALUES ('11','1704552872519','10500','2024-01-06 08:24:54','','','0','');
INSERT INTO payments VALUES ('12','1704920138199','5000','2024-01-11 02:26:00','2000','3000','0','4');
INSERT INTO payments VALUES ('13','1704920185573','12000','2024-01-11 02:27:18','5000','7000','0','4');
INSERT INTO payments VALUES ('14','1704920280575','12000','2024-01-11 02:29:57','0','0','12000','3');
INSERT INTO payments VALUES ('15','1704920539546','12000','2024-01-11 02:33:20','12000','0','0','1');
INSERT INTO payments VALUES ('18','1704921190633','5000','2024-01-11 02:44:12','2000','0','0','4');
INSERT INTO payments VALUES ('19','1704921297611','5000','2024-01-11 02:45:30','2000','3000','0','4');
INSERT INTO payments VALUES ('20','1704921450661','7000','2024-01-11 02:48:19','2000','5000','0','4');
INSERT INTO payments VALUES ('21','1704552392848','5000','2024-01-14 06:55:28','0','0','5000','3');
INSERT INTO payments VALUES ('22','1704552462003','8000','2024-01-14 06:55:55','2000','6000','0','4');
INSERT INTO payments VALUES ('23','1704552738305','10000','2024-01-14 06:58:29','10000','0','0','1');
INSERT INTO payments VALUES ('24','1704493470673','1500','2024-01-14 06:59:10','0','1500','0','2');
INSERT INTO payments VALUES ('25','1704493825886','3000','2024-01-14 06:59:35','0','0','3000','3');
INSERT INTO payments VALUES ('26','1704921450661','8000','2024-01-14 06:59:48','8000','0','0','1');
INSERT INTO payments VALUES ('27','1704552806056','3500','2024-01-14 07:18:46','3500','0','0','1');
INSERT INTO payments VALUES ('28','1704918614454','15000','2024-01-14 07:29:47','15000','0','0','1');
INSERT INTO payments VALUES ('29','1704919438713','2000','2024-01-14 07:48:35','2000','0','0','1');
INSERT INTO payments VALUES ('30','1705198797804','2000','2024-01-14 07:50:27','2000','0','0','1');
INSERT INTO payments VALUES ('31','1705198835257','3500','2024-01-14 07:51:01','0','3500','0','2');
INSERT INTO payments VALUES ('32','1705199391435','2000','2024-01-14 08:00:32','2000','0','0','1');
INSERT INTO payments VALUES ('34','1705236647506','4560','2024-01-14 06:21:12','0','0','0','3');
INSERT INTO payments VALUES ('35','1705236920983','4500','2024-01-14 06:26:20','0','0','4500','3');
INSERT INTO payments VALUES ('36','1705242322636','4500','2024-01-14 07:55:44','4500','0','0','1');
INSERT INTO payments VALUES ('37','1705242402423','6300','2024-01-14 07:57:04','0','6300','0','2');
INSERT INTO payments VALUES ('38','1705242441974','7300','2024-01-14 07:57:41','0','0','7300','3');
INSERT INTO payments VALUES ('39','1705242479535','9200','2024-01-14 07:58:41','5000','4200','0','4');
INSERT INTO payments VALUES ('40','1705242543910','2000','2024-01-14 07:59:44','2000','0','0','1');
INSERT INTO payments VALUES ('41','1705242615374','2000','2024-01-14 08:00:42','0','2000','0','2');
INSERT INTO payments VALUES ('42','1705242659482','5000','2024-01-14 08:01:52','0','0','5000','3');
INSERT INTO payments VALUES ('43','1705242745319','2500','2024-01-14 08:03:04','1500','1000','0','4');
INSERT INTO payments VALUES ('45','1705242543910','3300','2024-01-14 08:07:15','1500','1800','0','4');
INSERT INTO payments VALUES ('46','1705242820735','7100','2024-01-14 08:12:21','7100','0','0','1');
INSERT INTO payments VALUES ('47','1705236575115','2000','2024-01-15 01:01:29','2000','0','0','1');
INSERT INTO payments VALUES ('48','1705261492547','10000','2024-01-15 01:15:26','0','0','10000','3');
INSERT INTO payments VALUES ('49','1704920138199','5000','2024-01-15 01:25:28','0','0','5000','3');
INSERT INTO payments VALUES ('50','1707808956525','500','2024-02-13 12:53:53','500','0','0','1');
INSERT INTO payments VALUES ('51','1707808956525','1000','2024-02-13 12:55:10','500','500','0','4');
INSERT INTO payments VALUES ('52','1707818431954','10000','2024-02-13 03:30:55','0','0','10000','3');
INSERT INTO payments VALUES ('53','1707819269255','5000','2024-02-13 03:44:49','0','0','5000','3');
INSERT INTO payments VALUES ('54','1707819269255','10200','2024-02-13 03:45:16','0','10200','0','2');
INSERT INTO payments VALUES ('55','1707819269256','15000','2024-02-16 02:10:00','5000','10000','0','4');
INSERT INTO payments VALUES ('56','1707819269256','20000','2024-02-16 02:11:20','0','20000','0','2');


CREATE TABLE `prescription` (
  `id` varchar(100) NOT NULL DEFAULT 'AUTO_INCREMENT',
  `customer_id` varchar(70) CHARACTER SET utf8mb4 COLLATE utf8mb4_0900_ai_ci DEFAULT NULL,
  `occupation` varchar(50) DEFAULT NULL,
  `age` int DEFAULT NULL,
  `date` date DEFAULT NULL,
  `va_r` varchar(50) DEFAULT NULL,
  `va_l` varchar(50) DEFAULT NULL,
  `ph_r` varchar(50) DEFAULT NULL,
  `ph_l` varchar(50) DEFAULT NULL,
  `sph_l_dist` varchar(50) DEFAULT NULL,
  `sph_r_dist` varchar(50) DEFAULT NULL,
  `sph_l_near` varchar(50) DEFAULT NULL,
  `sph_r_near` varchar(50) DEFAULT NULL,
  `cyl_l_dist` varchar(50) DEFAULT NULL,
  `cyl_r_dist` varchar(50) DEFAULT NULL,
  `cyl_l_near` varchar(50) DEFAULT NULL,
  `cyl_r_near` varchar(50) DEFAULT NULL,
  `axis_l_dist` varchar(50) DEFAULT NULL,
  `axis_r_dist` varchar(50) DEFAULT NULL,
  `axis_l_near` varchar(50) DEFAULT NULL,
  `axis_r_near` varchar(50) DEFAULT NULL,
  `hbl_r` varchar(50) DEFAULT NULL,
  `hbl_l` varchar(50) DEFAULT NULL,
  `headache_id` varchar(50) DEFAULT NULL,
  `tearing_id` varchar(50) DEFAULT NULL,
  `readness_id` varchar(50) DEFAULT NULL,
  `blurvision_id` varchar(50) DEFAULT NULL,
  `other` varchar(200) DEFAULT NULL,
  `col_vision_r_id` varchar(50) DEFAULT NULL,
  `col_vision_l_id` varchar(50) DEFAULT NULL,
  `amst_vision_r_id` varchar(50) DEFAULT NULL,
  `amst_vision_l_id` varchar(50) DEFAULT NULL,
  `conver_r_id` varchar(50) DEFAULT NULL,
  `conver_l_id` varchar(50) DEFAULT NULL,
  `pup_ref_r_id` varchar(50) DEFAULT NULL,
  `pup_ref_l_id` varchar(50) DEFAULT NULL,
  `remark` varchar(500) DEFAULT NULL,
  `pd` varchar(100) DEFAULT NULL,
  `sh` varchar(100) DEFAULT NULL,
  `status_id` int DEFAULT '1',
  PRIMARY KEY (`id`),
  KEY `customer_id` (`customer_id`),
  KEY `FK_prescription_bool` (`headache_id`),
  KEY `FK_prescription_bool_2` (`tearing_id`),
  KEY `FK_prescription_bool_3` (`readness_id`),
  KEY `FK_prescription_bool_4` (`blurvision_id`),
  KEY `FK_prescription_bool_5` (`amst_vision_r_id`),
  KEY `FK_prescription_bool_6` (`amst_vision_l_id`),
  KEY `FK_prescription_bool_7` (`col_vision_r_id`),
  KEY `FK_prescription_bool_8` (`col_vision_l_id`),
  KEY `FK_prescription_status` (`status_id`),
  CONSTRAINT `FK_prescription_customer` FOREIGN KEY (`customer_id`) REFERENCES `customer` (`id`),
  CONSTRAINT `FK_prescription_status` FOREIGN KEY (`status_id`) REFERENCES `status` (`id`)
) ENGINE=InnoDB DEFAULT CHARSET=utf8mb4 COLLATE=utf8mb4_0900_ai_ci;

INSERT INTO prescription VALUES ('1','1704208576648','','5','2024-01-03','','','','','','','','','','','','','','','','','','','false','false','false','false','','false','false','false','false','','','','','','','','1');
INSERT INTO prescription VALUES ('1704287786112','1704208576648','se','5','2024-01-03','1','3','2','4','11','5','14','8','12','6','15','9','13','7','16','10','17','18','true','true','true','true','19','true','true','true','true','','','','','20','21','22','1');
INSERT INTO prescription VALUES ('1704287907749','1704208576648','','5','2024-01-03','','','','','','','','','','','','','','','','','','','false','false','false','false','','false','false','false','false','','','','','','','','1');
INSERT INTO prescription VALUES ('1704288001684','1704208576648','','5','2024-01-03','','','','','','','','','','','','','','','','','','','false','false','false','false','','false','false','false','false','','','','','','','','1');
INSERT INTO prescription VALUES ('1704288243350','1704208576648','dss','5','2024-01-03','1','3','2','4','','','','','','','','','','','','','','','false','false','false','false','','false','false','false','false','','','','','','','','1');
INSERT INTO prescription VALUES ('1704297664934','1704208576648','','5','2024-01-03','','','','','','','','','','','','','','','','','','','false','false','false','false','','false','false','false','false','','','','','','','','1');
INSERT INTO prescription VALUES ('1704298464303','1704208576648','','5','2024-01-03','','','','','','','','','','','','','','','','','','','false','false','false','false','','false','false','false','false','','','','','','','','1');
INSERT INTO prescription VALUES ('1704299679097','1704208576648','','5','2024-01-03','','','','','','','','','','','','','','','','','','','false','false','false','false','','false','false','false','false','','','','','','','','1');
INSERT INTO prescription VALUES ('1704299994635','1','','22','2024-01-03','','','','','','','','','','','','','','','','','','','false','false','false','false','','false','false','false','false','','','','','','','','0');
INSERT INTO prescription VALUES ('1704300532607','2','','22','2024-01-03','','','','','','','','','','','','','','','','','','','false','false','false','false','','false','false','false','false','','','','','','','','1');
INSERT INTO prescription VALUES ('1704302113132','1','','22','2024-01-03','','','','','','','','','','','','','','','','','','','false','false','false','false','','false','false','false','false','','','','','','','','1');
INSERT INTO prescription VALUES ('1704303167368','1','','22','2024-01-03','','','','','','','','','','','','','','','','','','','false','false','false','false','','false','false','false','false','','','','','','','','1');
INSERT INTO prescription VALUES ('1704303187875','1','','22','2024-01-03','','','','','','','','','','','','','','','','','','','false','false','false','false','','false','false','false','false','','','','','','','','1');
INSERT INTO prescription VALUES ('1704303194211','1','Doctor','22','2024-01-03','1','2','3','4','11','5','14','8','12','6','15','9','13','7','16','10','17','18','true','false','true','false','19','true','false','true','true','','','','','20','21','22','0');
INSERT INTO prescription VALUES ('1704307848090','2','','22','2024-01-04','','','','','','','','','','','','','','','','','','','false','false','false','false','','false','false','false','false','','','','','','','','1');
INSERT INTO prescription VALUES ('1704442584033','1704208576648','se','5','2024-01-05','1','2','3','4','11','5','14','8','12','6','15','9','13','7','16','10','17','18','true','true','true','true','19','true','true','true','true','true','true','true','true','20','21','22','1');
INSERT INTO prescription VALUES ('1704447974821','1704447909285','ABC','25','2024-01-05','1','2','a','ds','dss','ads','as','ds','sa','sdsa','sa','sd','sa','d','ds','ds','sa','we','true','false','true','false','dsda','false','false','true','true','true','false','false','true','lorem ipsum','dea','dsa','0');
INSERT INTO prescription VALUES ('1707822172822','1705205602445','1','1024','2024-02-13','2','3','4','5','4','7','4','','4','','1','9','4','8','2','4','4','4','false','true','false','false','1','false','false','false','false','false','true','true','false','kui','hu','h','1');
INSERT INTO prescription VALUES ('1708029868402','1705205602445','Student','1024','2024-02-16','0.4','0.5','0.2','0.2','1','0','','2','0','1','1','3','','3','2','1','5','5','true','false','true','false','no','false','true','true','false','true','true','false','false','abcdefghijklmnopqrstuvwxyz','2','3','1');
INSERT INTO prescription VALUES ('2','1704208576648','se','5','2024-01-03','1','3','2','4','11','5','14','8','12','6','15','9','13','7','16','10','17','18','true','true','true','true','19','true','true','true','true','','','','','20','21','22','1');
INSERT INTO prescription VALUES ('3','1704208576648','','5','2024-01-03','','','','','','','','','','','','','','','','','','','false','false','false','false','','false','false','false','false','','','','','','','','1');
INSERT INTO prescription VALUES ('4','1704208576648','','5','2024-01-03','','','','','','','','','','','','','','','','','','','false','false','false','false','','false','false','false','false','','','','','','','','1');
INSERT INTO prescription VALUES ('5','1704208576648','adadada','5','2024-01-03','ada','da','a','ada','','','','','','','','','','','','','','','false','false','false','false','','false','false','false','false','','','','','','','','1');
INSERT INTO prescription VALUES ('6','1704208576648','dada','5','2024-01-03','ada','da','d','ada','da','da','da','da','da','da','da','da','da','da','da','da','da','da','true','true','true','true','dad','true','true','true','true','','','','','dada','dda','ada','1');
INSERT INTO prescription VALUES ('undefined','1704208576648','se','5','2024-01-03','1','2','3','4','11','5','14','8','12','6','15','9','13','7','16','10','17','18','true','true','true','true','19','true','true','true','true','','','','','20','21','22','1');


CREATE TABLE `status` (
  `id` int NOT NULL AUTO_INCREMENT,
  `value` varchar(50) DEFAULT NULL,
  PRIMARY KEY (`id`)
) ENGINE=InnoDB AUTO_INCREMENT=3 DEFAULT CHARSET=utf8mb4 COLLATE=utf8mb4_0900_ai_ci;

INSERT INTO status VALUES ('0','Inactive');
INSERT INTO status VALUES ('1','Active');


CREATE TABLE `user` (
  `id` int NOT NULL AUTO_INCREMENT,
  `username` varchar(50) DEFAULT NULL,
  `password` varchar(50) DEFAULT NULL,
  PRIMARY KEY (`id`)
) ENGINE=InnoDB AUTO_INCREMENT=2 DEFAULT CHARSET=utf8mb4 COLLATE=utf8mb4_0900_ai_ci;

INSERT INTO user VALUES ('1','admin','123456');
